{
	"plugin_id": "notifimperi",
	"name_fr": "Notifications TTS Imperihome",
	"icon": "notifimperi.png",
	"version": "1.1",
	"creation_date": "2018-01-30",
	"modification_date": "2018-02-03",
	"author": "Influman",
	"description_fr": "Notifications TTS via API <a href='http://www.imperihome.com'>Imperihome</a><br><i>Compatible chatBOT et Ask</i>",
	"description_en": "",
	"description_es": "",
	"description_it": "",
	"description_de": "",
	"forum_link": "",
	"parameters": 
	[
		{
			"parameter": "imperihomeIP", 
			"description": "Adresse IP d'ImperiHome",
			"xtype": "textfield",
			"default_value": "192.168.0.",
			"field": "width:130, allowBlank:false, maskRe:/[0-9.]/, regex:/^(25[0-5]|2[0-4][0-9]|[0-1]{1}[0-9]{2}|[1-9]{1}[0-9]{1}|[1-9])\\.(25[0-5]|2[0-4][0-9]|[0-1]{1}[0-9]{2}|[1-9]{1}[0-9]{1}|[1-9]|0)\\.(25[0-5]|2[0-4][0-9]|[0-1]{1}[0-9]{2}|[1-9]{1}[0-9]{1}|[1-9]|0)\\.(25[0-5]|2[0-4][0-9]|[0-1]{1}[0-9]{2}|[1-9]{1}[0-9]{1}|[0-9])$/,  regexText:'Adresse IP invalide [0-255].[0-255].[0-255].[0-255]'"
		},
    
		{
			"parameter": "imperihomePort", 
			"description": "Port d'ImperiHome",
			"xtype": "textfield",
			"default_value": "8080",
			"field": "width:130, allowBlank:false, maskRe:/[0-9]/,  regexText:'Port invalide'"
		}
	 ],
	"scripts":
	[
		{
			"name": "notifimperi.php"
		}
	],
	"devices":
    [
		{
			"device_id": "imperi",
			"module_id": "41",
			"type": "http",
			"name_fr": "Notifications TTS ImperiHome",
			"icon": "notifimperi.png",
			"utilisation_id": "43",
			"parameters":
			{
				"VAR1": "plugin.parameters.imperihomeIP",
				"VAR2": "plugin.parameters.imperihomePort",
				"VAR3": "",
				"value_type": "list",
				"ignore_errors": 3,
				"RAW_URL": "",
				"RAW_XPATH": "",
				"POLLING": "0"
			},
			"values":
			[
				{ "value": "1", "description": "Météo du jour, [PERIPH_ID]", "icon": "notifimperi.png", "http_url": "http://localhost/script/?exec=notifimperi.php", "http_type": "GET",  "http_params": "&value=[RAW_VALUE]&ip=[VAR1]&port=[VAR2]&chatbot=[VAR3]" },
				{ "value": "2", "description": "[PERIPH_ID] °", "icon": "notifimperi.png", "http_url": "http://localhost/script/?exec=notifimperi.php", "http_type": "GET",  "http_params": "&value=[RAW_VALUE]&ip=[VAR1]&port=[VAR2]&chatbot=[VAR3]" },
				{ "value": "9999", "description": "[CHATBOT]", "hidden": 1, "icon": "notifimperi.png", "http_url": "http://localhost/script/?exec=notifimperi.php", "http_type": "GET",  "http_params": "&value=[RAW_VALUE]&ip=[VAR1]&port=[VAR2]&chatbot=[VAR3]" },
				{ "value": "99999", "description": "[ASK]", "hidden": 1, "icon": "notifimperi.png", "http_url": "http://localhost/script/?exec=notifimperi.php", "http_type": "GET",  "http_params": "&value=[RAW_VALUE]&ip=[VAR1]&port=[VAR2]&chatbot=[VAR3]" }
			]
		}
		
	]
}
